{"process_img_scalef": 0.13020833, "tissue_hires_scalef": 0.13020833, "tissue_lowres_scalef": 0.0390625, "fiducial_diameter_fullres": 115.3325200857482, "spot_diameter_fullres": 71.39632195784412}