{"spot_diameter_fullres": 32.74381823173609, "tissue_hires_scalef": 0.26041666, "fiducial_diameter_fullres": 52.89386022049677, "tissue_lowres_scalef": 0.078125}